Paper No.,PCE max (%),VOC (V),JSC (mA/cm2),FF (%),"For VOC, JSC and FF, when only average values were available instead of actual values of the best devices, the average values were listed. These data were mainly obtained from tables and the main text of articles. Some data were from the supplymentary materials."
3,9.48,0.93,15.92,63.9,
3,7.02,0.99,12.66,56.3,
3,8.31,0.9,14.07,66,
3,6.46,0.93,12.53,55.5,
4,14.7,0.91,21.5,75,
7,11.3,0.92,19.7,62,
7,13.3,0.91,20.9,70,
8,8.02,0.806,15.5,64.1,
8,7.42,0.783,15.7,60.3,
8,7.9,0.993,14,56.9,
8,5.95,0.86,12.6,55,
10,10.8,0.89,18.9,64.4,
10,10.5,0.897,17.84,65.8,
10,12.6,0.945,18.67,71.4,
11,0.7,0.75,2,46,
11,8.4,0.87,14.4,67,
11,6.3,0.88,11.6,62,
12,12.46,0.961,18.17,71.3,
12,11.94,0.876,18.45,73.8,
12,10.32,0.79,17.93,72.8,
12,10,0.803,17.68,70.5,
12,12.29,0.908,17.66,76.6,
12,8.44,0.756,16.76,66.6,
12,7.68,0.745,15.57,66.2,
12,5.61,0.832,11.5,58.6,
12,10.02,0.873,17.94,64,
12,10.66,0.964,17.85,61.9,
12,10.31,0.9,16.78,68.3,
14,7.3,0.81,16.2,55,
17,0.32,0.69,1.52,31,
17,5.8,0.83,13.9,50,
21,8.21,0.9,15.72,58.11,
21,6.28,0.89,13.69,51.77,
21,6.43,0.89,13.13,54.88,
21,6.4,0.89,14.4,50.03,
23,9.73,0.887,17.04,64.36,
23,10.48,0.885,17.73,66.83,
23,11.03,0.875,18.59,67.79,
23,10.35,0.878,17.74,66.47,
23,10.15,0.862,17.56,67,
23,7.92,0.792,16.52,60.55,
23,9.42,0.805,18.13,64.54,
23,10.29,0.801,19.13,67.09,
23,9.71,0.803,18.09,66.84,
23,9.5,0.798,17.64,67.47,
24,10.29,0.921,16.05,69.58,
24,9.39,0.911,15.18,67.85,
24,9.45,0.926,15.28,66.74,
24,8.96,0.94,14.52,65.68,
24,8.49,0.949,14,63.92,
24,8.02,0.961,13.19,63.21,
24,7.73,0.972,12.61,63.08,
29,6.2,0.913,13.41,51.8,
29,12.47,0.906,19.61,70.2,
29,10.03,0.877,18.39,62.2,
29,11.06,0.925,18.13,65.9,
29,10.14,0.892,17.85,63.6,
29,10.59,0.921,17.62,65.2,
29,9.26,0.928,16.74,59.6,
29,6.5,0.884,13.29,55.3,
29,6.32,0.905,13.14,53.2,
29,4.95,0.864,12.86,44.5,
29,5.38,0.879,11.24,54.4,
29,4.04,0.926,9.93,43.9,
30,5.8,1.08,10.4,50,
30,5.6,1.09,10,50,
30,4.4,1.05,8.4,48,
30,6.6,1.09,11.7,51,
30,4.3,1.06,8,50,
30,7.3,1.09,12.4,54,
30,6.7,1.07,12.4,51,
30,7.1,1.08,11.7,56,
30,6.4,1.08,11.3,52,
30,5.9,1.09,11.2,48,
32,8.99,1.04,14.37,62,
32,10.2,1.04,15.35,65,
32,8.45,0.99,13.44,64,
32,5.48,0.98,9.95,56,
33,8.2,1.02,14.42,55.75,
33,5.95,1.03,11.97,48.23,
33,6.43,1,11.49,55.96,
33,6.41,1.04,11.48,53.69,
33,4.17,0.96,9.85,44.07,
33,2.29,0.91,6.87,36.63,
34,8.98,0.94,14.41,65.93,
34,11.14,0.88,17.69,71.55,
34,9.92,0.92,15.86,68,
35,9.16,1.01,15.37,59,
35,5.3,1.04,11.86,43,
36,8.11,0.73,16.93,65.6,
36,5.3,0.92,9.75,59,
37,10.04,0.812,18.34,67.4,
37,10.65,0.856,17.75,70.1,
39,4.35,1.05,9.43,44,
39,4.77,1.03,8.48,54,
39,4.47,1.06,7.58,55,
39,5.91,1.05,11.61,49,
39,5.09,1.07,10.26,46,
39,5.05,1.05,9.49,51,
39,5.74,1.04,9.4,59,
39,5.74,1.03,9.4,59,
39,4.2,1.08,8.09,48,
39,6.07,1.03,10.06,58,
42,15.06,0.79,26.12,72.2,
42,14.16,0.78,25.27,71.1,
42,14.39,0.81,26.8,66.1,
42,13.42,0.79,26.68,63.7,
42,15.65,0.81,26.48,72.6,
45,10.04,0.83,19.3,62.8,
45,10.96,0.81,19.18,70.4,
45,6.46,0.81,16.96,46.8,
48,8.43,0.89,15.28,61.87,
48,11.75,0.89,18.13,72.06,
48,9.03,0.73,17.53,69.08,
48,10.42,0.94,15.99,67.96,
48,8.32,0.9,15.02,61.12,
48,3.68,1.04,6.51,54.13,
52,13.72,0.868,22.88,69.1,
52,12.2,0.996,19.67,62.3,
53,15.5,0.837,24.9,74.4,
53,13,0.87,21.8,69.2,
53,13.1,0.835,20.6,75.9,
53,14.9,0.859,22.8,76.2,
53,16.3,0.85,25.7,74.5,
54,11.18,0.9,18.62,66.7,
54,5.51,1.03,12.3,43.5,
54,2.38,1.01,6.24,37.8,
57,8.76,0.79,18.18,60.32,
57,10.64,0.86,18.33,67.11,
57,7.73,0.81,15.6,60.89,
57,6.84,0.86,13.15,60.42,
57,7.71,0.78,18.13,54.58,
57,8.26,0.79,17.93,57.78,
57,10.93,0.88,18.5,66.64,
57,10.6,0.87,18.71,65.29,
60,13.15,0.95,18.29,75.7,
60,10.41,0.8,18.29,71.1,
60,10.92,0.85,17.53,73.42,
60,9.48,0.97,14.27,67.82,
60,7.76,0.96,13.81,58.53,
60,12.95,0.94,18.17,75.84,
60,13.36,0.94,20.2,70.42,
61,6.31,0.88,11.57,62,
61,6.56,0.89,10.84,68,
61,5.64,0.9,9.64,65,
63,11.44,0.89,19.4,66.5,
63,11.89,0.82,21.6,67.4,
63,10.54,0.89,18.4,64.5,
63,10.39,0.83,18.3,68.4,
63,10.38,0.92,17.3,65.7,
63,10.07,0.91,16.9,65.5,
63,8.72,1,15.1,57.6,
63,10.64,0.91,17.7,65.8,
63,11.01,0.91,18.6,65.1,
63,9.77,0.89,17.4,63.2,
63,9.51,0.89,17,63.1,
64,9.43,0.86,16.83,65.2,
64,7.01,0.99,14.79,47.9,
66,8.39,0.93,14.71,57.02,
66,8.76,0.85,16.12,63.95,
68,11.05,0.74,22.7,65.73,
68,7.15,0.65,20.43,53.82,
71,14.1,0.69,28.8,70.6,
71,13.1,0.69,27.6,68.4,
71,12.2,0.69,26.9,65.4,
71,12.5,0.69,26,70.4,
71,14.2,0.69,28.9,71.2,
72,9.12,0.88,14.63,71.02,
72,8.5,0.87,14.38,68,
72,8.47,0.89,14.1,67.7,
72,7.59,0.85,13.58,65.45,
72,6.8,0.92,11.03,67.2,
73,2.23,0.68,7.85,42,
73,5.49,0.69,14.39,55,
73,5.57,0.69,13.68,59,
73,5.31,0.69,13.53,57,
73,5.23,0.69,13.3,57,
73,3.73,0.72,10.17,51,
73,2.21,0.71,7.18,43,
73,2.35,0.68,7.1,49,
73,2.25,0.71,6.41,49,
74,6.38,1.04,10.62,57.8,
74,4.21,1.08,7,55.6,
74,3.08,1.06,5.46,53.3,
76,5.03,1.06,12.06,40,
76,8.19,1.06,13.52,57,
76,6.9,1.07,11.23,57,
76,3.39,1.07,8.37,38,
76,2.74,0.88,6.44,48,
76,5.09,0.81,9.42,67,
77,9.13,0.82,17.06,65,
77,7.27,0.86,13.57,62,
77,3.63,9.6,0.77,49,
77,7.31,9.25,1.33,59,
77,6.55,9.61,1.06,64,
77,7.5,9.37,1.25,64,
78,9.6,0.67,19.4,73.1,
78,10.7,0.72,22.1,67,
78,11.2,0.91,17.1,72.5,
78,6.7,0.9,12.5,59.4,
79,12.36,0.93,18.86,71,
79,11.22,0.93,17.31,70,
79,9,0.92,16.42,60,
80,9.25,0.97,14.26,64.08,
80,12.07,0.94,19.9,64.51,
80,10.82,0.92,18.55,63.41,
80,10.74,0.98,17.22,63.62,
80,10.05,0.92,16.75,65.23,
80,9.33,0.86,16.56,65.52,
81,7.32,0.86,14.8,57.4,
81,3.81,0.68,10.01,55,
81,7.68,0.83,16.51,55.5,
81,5.32,0.64,15.85,52.3,
81,6.2,0.69,14.06,63.5,
81,5.81,0.71,13.54,60.1,
82,10.7,0.643,23.5,70.8,
82,7.21,0.85,14.5,58.2,
82,12.6,0.668,25.9,72.6,
83,7.23,0.8,13.94,64.8,
83,5.48,0.77,12.55,56.7,
83,4.1,0.78,9.88,53.2,
84,11.1,0.72,19.8,73,
84,9.9,1.02,15.5,60,
85,15.8,0.84,25.9,73,
85,15.3,0.85,25.2,72,
85,13.5,0.88,20.6,74,
85,13.1,0.9,20.2,72,
85,12,0.84,20,71,
88,11.39,1.01,17.89,63.05,
88,8.25,0.8,14.85,69.46,
88,9.79,0.73,22.06,60.47,
88,12.11,0.74,25.11,65.18,
88,1.31,0.81,4.43,36.7,
93,16.22,0.85,25.41,74.9,
93,14.63,0.83,24.49,71.8,
99,6.87,0.94,11.58,63.1,
99,8.64,0.94,13.76,66.8,
105,14.36,0.859,23.05,72.51,
105,13.68,0.876,21.78,72,
105,13.18,0.851,21.3,72.76,
105,9.12,0.811,17.39,64.62,
107,9.98,0.74,23.1,58.36,
107,13.01,0.87,22.14,67.53,
107,14,0.86,23.31,69.75,
110,10.11,0.943,17.05,62.89,
110,10.08,0.965,16.12,64.79,
112,12.2,0.872,20.4,68.7,
112,10.3,1.1,14.5,64.3,
114,8.87,0.75,20.4,58.05,
114,7.4,0.7,19.13,55.48,
114,6.92,0.73,16.55,57.5,
114,5.62,0.73,13.41,57.74,
115,5.87,0.95,12.01,51.26,
115,4.36,0.92,11.88,40.07,
115,4.95,0.93,11.79,45.12,
115,5.05,0.92,11.65,47.13,
115,5.45,0.99,11.49,47.6,
115,5.48,0.96,11.44,49.68,
115,5.55,1.01,11.23,49.15,
115,6.28,1.02,11.21,54.77,
115,3.55,0.92,10.95,35.42,
115,5.98,1.01,10.74,54.78,
115,4.99,1.02,10.53,46.6,
115,5.61,1.02,10.47,52.45,
115,5.25,1,10.12,51.64,
115,3.7,0.95,9.96,39.27,
115,3.07,0.93,9.47,34.7,
115,4.72,1.02,9.06,51.28,
116,10.9,0.902,18.5,65.6,
116,10.6,0.902,18.2,64.3,
116,10.2,0.899,18.1,62.7,
116,10.3,0.903,17.9,63.7,
116,10.1,0.905,17.8,62.9,
116,10,0.897,17.8,62.6,
116,10,0.9,17.7,62.9,
116,9.9,0.891,17.4,63.9,
116,10.4,0.904,17.5,65.7,
116,11.5,0.908,18.5,68.2,
118,7.6,0.8,15.3,63.7,
118,7,0.78,15.1,61.1,
118,7.9,0.81,15.5,64.3,
118,7.4,0.79,15.2,62.8,
118,7.1,0.8,14.8,60.8,
119,8.74,0.701,18.8,66,
119,6.73,0.714,14.5,64.9,
121,9.9,0.79,24.5,52,
121,10.5,0.73,26.2,55,
121,9.7,0.71,24.3,56,
121,11.5,0.78,25.8,57,
123,12.05,0.89,19.01,71.21,
123,10.88,0.87,18.01,69.57,
126,11.23,0.88,17.86,71.47,
126,7.16,0.79,14.88,61.21,
127,6.63,1.14,9.89,59,
127,5.82,1.1,9.75,54,
134,6.14,0.87,13.89,50.56,
134,5.07,0.88,12.27,46.92,
134,4.52,0.87,10.74,48.15,
134,3.93,0.86,9.59,47.26,
136,5.5,1.34,9.23,44.2,
137,4.4,0.94,8.35,56,
137,3.49,0.96,6.99,52,
137,3.35,1.13,6.32,47,
137,2.71,1.15,5.03,47,
138,13.1,0.82,22,72.7,
138,11.4,0.83,19.1,72.2,
138,8.1,0.84,14.6,66.5,
139,11.62,0.82,19.38,73.12,
139,11.26,0.82,21.85,62.88,
139,13.16,0.82,22.65,70.82,
139,12.12,0.82,22.27,66.35,
139,12.89,0.82,22.52,69.79,
139,13.16,0.82,22.65,70.82,
139,12.82,0.82,21.73,71.91,
139,12.23,0.82,20.53,72.64,
140,10.03,0.66,23.56,65,
142,1.23,0.924,4.1,32,
142,4.99,0.96,11.32,46,
143,12.32,0.935,18.05,73,
143,8.74,0.943,16.64,55.7,
143,10.16,0.944,15.74,68.4,
143,8.31,0.955,15.56,55.9,
144,9.55,0.645,23.3,63.4,
144,8.45,0.755,15.3,73.1,
144,13,0.694,26.3,71,
146,13.16,0.95,18.76,73.85,
146,10.86,0.89,18.12,67.37,
148,16.11,0.83,27.07,71.7,
148,15.63,0.84,26.31,70.87,
150,4.44,0.97,10.47,43.7,
150,3.24,0.98,8.77,37.7,
150,2.98,0.98,6.99,43.5,
150,1.3,1,4.19,31,
152,13.31,0.893,22.18,67.14,
152,12.21,0.899,22.1,61.42,
152,12.48,0.906,20.97,65.65,
152,10.99,0.922,20.06,59.34,
153,12.49,0.94,18.46,72,
153,7.39,0.77,14.54,66,
154,8.4,0.82,16.2,63,
154,8,0.82,15.64,62,
154,6.6,0.8,14.91,55,
154,6.9,0.84,14.75,56,
154,6.4,0.8,14.61,55,
154,6.5,0.83,14.25,55,
154,5.9,0.8,14.12,52,
154,5.6,0.83,12.11,56,
154,4.2,0.78,12.03,45,
154,5,0.83,11.2,54,
154,5,0.84,10.92,55,
154,3,0.8,8.23,46,
155,5.16,0.92,10.56,56,
155,10.9,0.94,16.18,71,
155,3.75,0.94,8.23,48,
155,12.14,0.94,17.95,72,
155,11.04,0.95,15.86,73,
155,8.16,0.94,13.08,66,
159,13.4,0.813,22.2,74,
159,11.1,0.835,19.8,67.1,
159,3.98,0.95,7.16,58.6,
160,7.3,0.57,20.7,61,
160,10.2,0.64,24.8,64,
160,10.5,0.7,23.4,64,
161,10.1,0.86,18.55,64,
161,9.69,0.86,17.5,65,
161,9.58,0.86,17.07,65,
161,7.38,0.82,15.74,57,
163,11.79,0.74,23.77,66.6,
164,14.13,0.867,23.79,68.49,
164,11.54,0.884,21.88,59.62,
166,14.34,0.861,24.34,68.44,
166,9.64,0.776,18.27,67.96,
168,10.09,0.925,16.96,64,
168,1.32,0.92,2.56,56,
168,11.18,0.942,17.58,68,
168,10.31,0.932,17.33,64,
168,9.11,0.928,16.19,61,
168,6.56,0.927,12.93,55,
168,3.06,0.925,7.32,45,
170,13.03,0.93,18.94,74.07,
170,11.51,0.9,18.34,69.87,
170,10.85,0.9,18.03,66.86,
172,9.11,0.94,16.69,58.07,
172,8.42,0.88,14.96,63.95,
172,6.12,0.99,12.09,51.14,
173,5.26,0.9,11.58,50.45,
173,3.89,0.95,9.13,44.85,
174,13.2,0.88,20.32,73.5,
174,10.1,0.72,19.6,71.4,
177,3.26,0.78,10.28,41.14,
177,2.89,0.78,9.37,40.01,
177,2.58,0.77,9.09,36.83,
177,2.55,0.77,8.95,36.94,
177,2.31,0.75,8.76,35.2,
177,1.88,0.73,8.69,29.61,
177,2.52,0.77,8.48,38.61,
184,10.01,0.938,15.68,68.03,
184,10.01,0.938,15.68,68.03,
184,10.02,0.943,15.16,70.07,
184,8.11,0.929,13.49,64.63,
184,6.78,0.948,13.15,54.37,
184,8.27,0.94,13.08,67.23,
184,7.36,0.961,12.68,60.39,
184,5.31,0.916,12.17,47.66,
184,5.52,0.946,11.43,51.05,
185,8.73,0.74,21.44,55,
185,8.18,0.89,15.31,60,
185,8.62,0.89,16.69,58,
185,8.95,0.89,17.04,59,
185,9.1,0.87,18,58,
185,9.8,0.87,19.09,59,
185,8.38,0.85,20.11,49,
186,10.43,0.89,19.8,59.05,
187,13.1,0.83,24.68,63.74,
187,12.02,0.78,24.64,62.22,
187,8.61,0.66,23.41,55.3,
191,10.5,1.24,13.16,66.62,
191,9.41,1.07,14.62,60.34,
197,7.8,0.917,12.9,60.2,
197,8.2,0.89,14.4,65,
197,8.6,0.831,14.5,71.1,
197,5.7,0.684,14.5,57.5,
197,6.2,0.718,14.3,60.2,
197,7.5,0.88,13.4,63.9,
199,10.57,0.77,22.02,62.3,
199,9.63,0.77,20.68,60.5,
199,10.2,0.81,19.19,65.6,
199,9.3,0.81,18.36,62.6,
199,8.92,0.88,17.18,58.9,
199,7.19,0.89,14.09,57.4,
202,5.82,0.9,10.37,63.81,
202,8.82,0.87,16.9,60.31,
202,9.09,0.86,16.84,62.85,
202,9.01,0.86,16.25,64.49,
202,7.91,0.88,15.71,57.17,
202,7.95,0.88,15.5,58.26,
202,7.53,0.87,14.43,60.58,
202,5.7,0.92,11.47,53.89,
202,5.93,0.91,11.45,56.91,
202,2.09,0.87,5.16,46.61,
202,1.98,0.92,4.25,50.58,
202,2.12,0.9,4.12,56.8,
205,8.8,0.85,16.02,64,
205,5,0.96,10.45,50,
214,4.58,0.88,9.64,52.72,
214,5.64,0.878,10.88,59.04,
214,5.01,0.891,9.73,57.79,
214,3.45,0.879,9.13,43.02,
215,7.06,0.95,13.05,57,
215,3.49,0.88,9.04,44,
215,0.75,0.92,2.31,35,
221,10.89,0.82,18.92,70.22,
221,9.61,0.94,16.44,62,
231,6.9,0.9,14.6,52.5,
231,6.4,0.9,14.5,48.9,
231,6.7,0.9,14.4,51.9,
231,6.5,0.9,14.3,50.6,
231,5.8,0.92,13.3,47.2,
231,6.2,0.96,12.1,53.1,
231,5.7,0.96,11.2,52.9,
231,5.3,0.98,10.5,51.4,
231,4.2,0.8,10.5,49.6,
236,2.3,0.54,14.73,28.92,
236,11.6,0.72,23.21,69.41,
237,6.11,0.77,14.28,54.41,
237,7.06,0.79,15.02,59.58,
240,7.8,1.01,14.6,53,
240,5.1,1.02,12.6,40,
242,9.53,0.88,15.59,69.45,
242,9.27,0.88,15.48,68.11,
242,9.18,0.93,15.31,64.38,
242,8.74,0.92,15.2,62.36,
242,8.24,0.91,15.11,59.45,
243,6.23,0.84,11.76,63,
243,4.74,0.83,10.32,55,
244,13.1,0.852,21.9,69.8,
244,11.9,0.837,20.7,68.4,
244,11.2,0.839,20,66.8,
245,5.8,0.84,12.94,53.4,
245,3.69,0.85,9.89,43.9,
246,1.86,1.06,6.11,28,
246,1.51,1.15,4.8,28,
246,2.26,1.09,6.35,33,
246,2.23,1.11,6.35,32,
246,2.16,1.11,6.02,32,
246,1.88,1.08,5.55,31,
246,1.74,1.09,4.93,32,
246,2.78,1.14,7.47,33,
246,2.17,1.11,6.42,31,
246,2.74,1.08,6.86,37,
246,2.2,1.04,6.37,33,
246,2.05,1.14,6.16,29,
246,1.74,1.09,5.2,31,
250,10.75,0.91,18.9,62.51,
250,11.07,0.93,20.73,57.45,
250,10.39,0.94,19.17,57.64,
250,9.34,0.92,17.45,58.46,
250,10.29,0.89,18.1,63.88,
250,10.39,0.92,19.67,57.43,
252,12.7,0.85,19.74,76,
252,10.9,0.79,19.7,70.5,
255,9.95,0.97,14.86,69,
257,10.02,0.92,17.42,62.5,
260,14.1,0.88,22.8,70.2,
260,14,0.87,22.6,71.4,
260,13.1,0.89,21.2,69.6,
260,11,0.9,21.1,58.3,
261,0.64,0.8,2.14,37,
261,0.91,0.81,3.12,36,
270,14.04,0.941,19.06,78.32,
270,13.54,0.929,18.91,77.1,
270,12.02,0.947,18.17,69.88,
270,13.23,0.952,18.1,76.83,
270,11.5,0.822,18.08,77.42,
270,11.9,0.97,17.8,69,
270,11.28,0.935,17.71,68.16,
270,10.41,0.819,17.27,73.6,
270,6.14,0.869,12.2,57.9,
271,12.08,0.8,20.44,73.87,
271,10.53,0.82,19.06,67.38,
271,8.42,0.83,17.58,57.71,
271,6,0.84,14.92,47.87,
273,9.22,0.861,15.99,67,
273,2.85,0.958,7.78,38.2,
273,9.35,0.857,16.13,67.7,
273,10.53,0.865,17.31,70.3,
273,8.87,0.868,15.59,65.6,
273,8.63,0.876,15.46,63.7,
273,6.41,0.892,13.3,54.1,
280,11.66,0.803,19.58,74.2,
280,13.25,0.91,18.48,78.8,
280,12.05,1.015,16.74,70.9,
282,12.1,0.79,20.76,73.5,
282,9.3,0.758,19.5,63.2,
282,1.33,0.495,7.41,36.3,
282,8.04,0.779,18.62,55.4,
287,6.15,0.95,12.27,53,
287,4.61,0.93,11.5,43,
294,9.86,0.76,20.04,65,
294,8.23,0.86,16.39,58,
296,11.1,0.94,17.1,62.8,
296,1.1,0.92,3.2,33.5,
296,10.9,0.92,17.3,68.4,
296,10.4,0.94,16.7,66.1,
297,1.62,0.55,5.07,47.41,
297,1.38,0.59,4.43,42.59,
297,2,1.18,3.71,39.19,
297,0.99,0.61,3.31,39.93,
297,0.88,0.58,3.06,40.19,
297,1.1,1.03,2.65,34.47,
297,0.78,1.08,1.88,32.78,
297,0.75,1.1,1.86,31.46,
297,0.65,1.08,1.58,32.59,
297,0.72,1.17,1.56,31.9,
297,0.72,1.17,1.53,32.43,
297,0.2,1.16,0.52,26.52,
304,8.96,0.758,23.54,50.07,
304,11.12,0.745,22.71,65.58,
304,11.8,0.744,23.52,67.28,
304,12.52,0.75,24.58,67.58,
306,8.1,0.887,14.2,65.9,
306,7.6,0.898,13.57,62,
306,5.5,0.687,13.52,58.7,
308,0.71,1.07,2.29,24.5,
308,1.61,1.09,5.43,27.1,
308,0.71,1.05,2.7,25.4,
308,3.85,1.03,10,37.3,
308,3.64,1.04,9.51,36.7,
308,3.08,1.05,8.81,33.3,
308,2.33,1.03,6.93,32.5,
308,1.77,1.01,5.3,33,
308,1.59,1.13,5.54,25.5,
323,7.15,0.85,13.35,63,
323,5.4,0.85,10.25,62,
323,3.68,0.87,8.39,50,
325,10.77,0.891,17.748,68.14,
325,8.55,0.896,15.5,61.63,
325,6.86,0.848,15.18,53.27,
325,5.19,0.742,15.161,46.1,
325,3.47,0.677,12.825,39.95,
328,5.95,0.94,11.72,54,
328,5.81,0.94,11.24,55,
328,2.86,0.96,7.26,41,
329,4.23,0.81,10.92,38,
329,3.55,0.77,10.57,37,
329,2.83,0.81,8.25,34,
329,2.02,0.77,6.68,32,
329,1.94,0.77,6.6,33,
329,2.23,0.84,5.22,43,
329,1.67,0.81,4.29,39,
329,1.21,0.77,4.04,33,
329,0.88,0.78,3.29,29,
329,1.49,0.86,3.24,46,
330,8.35,0.88,14.83,64,
330,5.35,0.84,12.51,51.4,
330,3.1,0.81,10.54,36.2,
330,1.95,0.78,7.69,32.5,
332,11,0.925,18.88,63,
332,10.6,0.911,17.9,65.3,
332,9.55,0.94,16.55,61.4,
332,8.54,0.921,16.45,56.4,
333,10.1,0.73,21.28,65,
333,9.52,0.77,18.46,67,
339,9.77,0.89,17.38,61.06,
339,2.62,0.85,7.41,40.88,
339,9.34,0.88,16.39,63.9,
339,8.37,0.9,15.06,61.6,
340,5.51,1.01,9.75,55.97,
340,5.16,1.01,9.34,54.68,
340,0.11,1.05,0.4,25.88,
340,6.33,1.04,9.88,61.63,
340,5.36,1.03,9.62,54.1,
340,5.91,1.03,9.5,60.43,
340,5.81,1.03,9.33,60.49,
340,5.83,1.04,9.23,60.74,
340,5.31,1.03,8.77,58.79,
340,5.32,1.02,8.73,59.77,
340,5.17,1.03,8.61,58.32,
340,4.6,1.03,8.53,52.33,
340,5.04,1.06,8.51,55.86,
340,4.86,1.02,8.36,57.02,
340,4.23,1.08,7.13,54.97,
340,3.63,1.05,6.44,53.7,
340,0.15,1.06,0.55,25.65,
341,11.04,0.879,17.28,72.7,
348,10.27,0.89,17.24,67,
348,8.57,0.81,16.09,66,
348,9.3,0.87,16.58,65,
348,9.03,0.88,16.71,62,
350,6.6,0.71,17.5,54,
350,4.5,0.57,15.3,51,
350,7.8,0.81,16.5,59,
350,13.3,0.83,21.8,73,
350,13.4,0.84,21.7,74,
350,10.1,0.76,21.5,62,
350,11.5,0.91,18.3,69,
350,11.4,0.81,22.2,64,
350,14,0.86,22.3,73,
351,6.7,0.8,14.7,57.18,
351,6.61,0.82,13.85,58.16,
351,7.21,0.82,15.34,57.35,
351,7.02,0.82,14.19,60.34,
351,8.1,0.78,15.72,66.41,
351,9.01,0.78,18.52,62.4,
351,8.54,0.76,19.13,58.77,
351,8.2,0.76,18.63,57.9,
351,7.67,0.767,15.52,64.9,
353,10.89,0.97,16.05,68.78,
353,11.15,0.97,16.57,69.37,
353,10.84,0.97,16.23,68.29,
353,10.6,0.97,16.15,67.61,
353,9.76,0.99,15.25,64.78,
353,9.65,1.06,15.25,59.31,
353,9.4,1.06,15.03,58.53,
353,9.37,1.06,14.96,59.37,
353,9.25,1.06,14.87,58.37,
353,8.72,1.08,14.33,56.43,
356,8.1,0.842,14.1,68.2,
356,7.8,0.895,13.6,64.1,
363,9.66,0.695,19.8,70.2,
363,9.1,0.69,19.2,68.7,
363,8.14,0.679,18.5,64.8,
363,3.7,0.844,7.4,59.2,
370,1.26,0.91,4.13,33,
370,1.25,0.94,3.75,36,
378,16.02,0.81,26.68,74.11,
378,1.09,0.78,3.2,43.78,
380,11.74,0.77,23.82,64,
380,13.84,0.89,21.9,71,
380,10.03,0.73,19.36,71,
380,4.62,0.79,9.13,64,
381,10.21,0.9,19.54,58,
381,4.11,0.88,10.24,46,
383,9.97,0.87,17.01,67.34,
383,10.01,0.89,16.61,67.71,
383,9.09,0.89,15.67,65.17,
383,0.85,0.16,12.67,42.09,
384,7.69,1.05,11.83,62,
384,6.65,0.99,11.6,58,
384,8,1.2,11.11,60,
386,9.1,0.74,17.6,70.1,
386,8.6,0.74,16.6,69.9,
386,7.9,0.74,15.5,68.8,
386,9.8,0.75,17.9,72.5,
386,11.1,0.76,19.7,73.9,
386,9.9,0.76,18.6,70.5,
397,5.01,1.02,9,54.6,
397,3.53,1.04,6.67,52.5,
399,7.41,0.87,12.71,67,
399,5.54,0.96,10.59,54.5,
399,6.07,0.99,10.3,60.1,
399,3.11,1.06,6.82,42.6,
401,11.98,0.97,18,70,
401,12.12,0.93,18.1,72,
401,10.24,0.84,17.78,69,
401,11.02,0.97,16.72,68,
401,9.22,0.88,16.37,64,
404,0.01,0.65,0.51,30.2,
404,0.82,0.766,3.28,32,
404,6.53,0.867,14.23,53,
404,6.3,0.866,13.18,55.2,
404,3.96,0.823,8.47,56.8,
404,6.54,0.869,14.09,53.8,
404,6.55,0.869,14,53.8,
404,6.56,0.865,14.25,53.2,
404,8.2,0.827,18.57,53.4,
404,7.56,0.816,17.98,51.5,
405,6.46,0.9,14.13,50,
405,4.94,0.89,9.1,61,
406,9.19,0.77,17.54,68,
406,8.47,0.79,15.62,68.4,
406,9.43,0.9,15.1,69.6,
406,7.92,0.87,13.35,68.3,
408,6.62,1,12.07,55,
408,5.78,1,10.19,57,
408,4.55,1.01,7.67,59,
409,13.5,0.83,23.24,70,
409,10.58,0.81,22.92,57,
413,3.8,0.77,10.51,47,
413,4.69,0.87,10.06,53.62,
414,9.5,0.86,17.9,61.3,
414,7.3,0.91,13.3,60.5,
414,6.5,0.89,12.3,59,
414,8.4,0.82,17.7,58,
415,7.75,0.89,14.74,59.16,
415,8.96,1.04,13.75,62.76,
415,8.57,1.02,13.75,60.81,
415,7.09,1.1,12.04,53.67,
419,6.67,0.819,16.28,50.1,
419,5.76,0.838,14.81,46.4,
421,10,0.91,15.9,69,
421,9.4,0.9,15.4,68,
421,4.4,1,8.5,52,
421,3.9,0.98,8.2,49,
424,13.46,0.89,21.21,71.55,
424,11.37,0.92,19.76,62.57,
428,2.8,0.48,10.54,56,
428,6.24,0.71,13.96,63,
438,0.14,0.51,0.84,31.64,
438,0.27,0.73,1.22,30.7,
438,0.27,0.72,1.18,31.27,
438,0.22,0.66,0.99,33.06,
438,0.03,0.28,0.35,30.84,
439,5.8,0.96,14.21,43,
439,13.32,0.78,22.92,75,
439,10.69,0.85,20.23,62,
439,7.46,0.95,15.45,51,
440,9.2,0.97,15.15,62.5,
440,4.8,0.98,11.48,42.7,
441,11.48,0.88,17.54,72.69,
441,10.9,0.89,17.24,70.98,
450,4.7,0.8,10.4,56.5,
451,10.6,0.89,16.59,71.7,
451,10.03,0.9,15.55,72.58,
451,10.9,0.89,16.76,72.89,
451,10.73,0.9,16.35,72.63,
456,6.35,0.874,13.4,54.2,
456,5.32,0.907,11.13,52.7,
468,4.2,0.78,10.56,51,
475,9.24,0.83,16.21,68.69,
475,7.1,0.88,13,61.91,
475,4.57,0.98,10.32,45.3,
491,9.42,0.8,18.02,66.19,
491,9.43,0.8,17.76,66.06,
491,7.78,0.8,15.71,61.77,
491,9.88,0.79,18.8,66.66,
491,10.32,0.79,19.55,67.17,
491,8.55,0.8,16.56,64.58,
493,7.82,0.88,16.3,54.43,
493,8.16,0.92,15.91,55.83,
493,7.65,0.92,15.62,53.55,
493,6.63,0.87,15,50.97,
493,3.32,0.77,8.56,50.26,
493,3.35,0.77,7.75,56.33,
498,11.02,0.92,18.06,66.07,
498,11.28,0.89,17.78,71.3,
498,10.5,0.92,17.3,65.5,
503,10.05,0.8,17.33,72.5,
503,4.42,0.75,10.15,58.1,
503,10.6,0.81,17.78,73.6,
503,11.48,0.82,18.54,75.5,
503,10.66,0.83,18.01,71.3,
503,9.96,0.84,17.39,68.2,
511,11.63,0.86,18.16,72.62,
511,10.85,0.87,17.63,69.91,
511,10.14,0.91,15.66,72.07,
511,5.94,0.9,14.36,44.98,
517,10.5,0.9,16.8,69.3,
517,7.38,1.05,11.8,59.8,
517,11.2,0.92,17.3,70.5,
517,12.2,0.935,17.9,73.1,
517,11.4,0.945,16.7,72,
517,9.82,0.955,15.3,67.2,
517,7.74,0.975,13,61,
530,13.37,0.81,22.01,74,
530,12.67,0.78,22.25,73,
530,13.59,0.86,20.8,76,
530,14.29,0.89,20.58,78,
531,14.1,0.851,22.35,74.3,
531,13.1,0.885,20.81,70.9,
532,6.7,1,11.2,57,
532,7.5,1.03,11.6,61,
532,5.5,1.01,10.3,52,
532,4.7,1.03,9.6,47,
539,7.1,1.04,10.96,62.5,
539,6.8,1.03,10.67,62,
539,6.5,1.04,10.23,61.2,
539,6.1,1.04,9.55,61.2,
546,1.3237,1.0023,4.6405,28.4592,
546,1.2989,1.0249,4.4999,28.1633,
546,0.8543,0.9393,2.9061,31.2964,
546,0.6148,1.0029,2.2921,26.7482,
546,0.1884,1.0848,0.7172,24.2087,
546,0.1363,1.1087,0.494,24.8838,
546,0.0948,1.1009,0.3177,27.0967,
546,0.0561,1.1308,0.1917,25.8717,
546,1.1,0.95,3.78,31.3,
546,0.6,1.01,2.2,26.4,
546,5.3,0.98,12.48,43.1,
546,5.1,0.98,11.23,46.4,
558,0.19,1.26,0.49,30,
558,0.94,1.14,2.91,28,
558,3.48,1.05,7.42,45,
560,8.37,0.66,21.87,57,
560,11.78,0.92,17.54,73.04,
560,11.32,0.92,17.07,72.1,
560,8.65,0.82,16.42,64.24,
560,9.22,0.85,16.34,66.44,
560,7.8,0.88,13.3,66.65,
560,10.81,0.98,15.05,73.33,
560,10.04,0.72,23.23,60.04,
560,9.82,0.75,19.13,68.43,
560,13.06,0.86,20.7,73.34,
568,1.82,0.78,6.76,34,
568,5.07,0.72,13.84,51,
568,4.82,0.71,13.81,49,
568,4.29,0.73,11.25,52,
571,0.01,0.46,0.1,21,
571,0.0002,0.02,0.01,86,
577,5.67,0.84,12.7,56.3,
577,11.2,0.919,17.3,70.4,
579,7.44,0.88,13.86,61,
579,3.5,0.91,10.13,38,
582,7.25,0.77,15.08,57.75,
582,4.67,0.778,12.3,45.6,
582,5.57,0.76,12.13,57,
582,8.28,0.79,16.77,61.67,
582,7.84,0.777,15.85,62.55,
582,7.65,0.786,15.64,61.25,
585,11.14,0.723,23,67,
585,7.99,0.652,21.5,57,
586,9.25,0.89,16.77,62,
586,9.79,0.9,16.73,65,
586,9.21,0.89,16.41,63,
588,10.81,0.915,16.85,70.09,
588,9.09,0.904,16.12,62.36,
588,8.13,0.868,15.72,59.58,
588,7.38,0.882,15.72,53.11,
588,7.96,0.861,15.46,59.76,
588,8.59,0.889,15.4,62.71,
588,7.45,0.849,15.33,57.23,
588,7.51,0.908,15.22,54.32,
588,6.97,0.856,13.84,58.77,
588,7.71,0.905,12.98,65.62,
589,11.7,0.873,20.2,66.4,
589,8.2,0.742,18.43,59.7,
589,5.6,0.704,14.88,53.7,
589,6.3,0.709,15.32,57.7,
589,9,0.747,18.77,63.9,
589,12.6,0.883,20.9,68,
590,13.2,0.78,23.2,73,
590,12.3,0.79,22.2,70,
590,9.6,0.88,16.5,66,
590,8.9,0.89,15.2,66,
600,5.16,1.11,8.4,55,
601,10.62,0.793,19.28,69.5,
601,10.42,0.872,17.85,67.2,
601,11,0.909,17.3,70,
607,6.64,0.74,19.43,44.6,
607,8.82,0.8,16.26,68.44,
607,10.41,0.79,20.34,63.01,
607,9.93,0.78,20.71,60.02,
607,11.2,0.78,23.46,60.99,
609,3.6,1.17,5.95,51.6,
609,3.86,1.23,5.47,57.3,
609,4.85,1.18,7.39,55.6,
610,10,0.94,15.51,,
610,11,0.942,15.98,73.4,
610,9.1,0.978,13.31,69.9,
620,0.05,0.42,0.41,30,
620,5.62,0.78,11.2,65,
620,6.5,0.88,12.2,60,
623,9.29,1.06,13.48,65,
623,3.6,1.12,8.96,36,
628,13.45,0.79,22.67,75.2,
628,13.16,0.922,19.08,74.8,
628,14.18,0.842,22.03,76.4,
628,13.78,0.87,20.77,76.3,
628,13.69,0.901,19.78,76.8,
629,8.12,0.7,19.12,60.67,
629,10.29,0.94,17.72,61.78,
629,9.64,0.92,17.12,61.19,
632,10.29,0.942,15.38,71.15,
632,7.62,0.895,13,65.58,
635,3.11,0.93,7.83,43,
635,1.73,0.84,5.25,39,
644,9.72,0.875,15.65,71.05,
644,8.2,0.907,15.15,59.65,
644,4.62,0.925,10.63,46.93,
653,11.01,0.93,16.08,76.61,
653,10.6,0.925,16.01,71.61,
653,9.58,0.89,15.9,67.98,
653,10.12,0.93,15.49,70.27,
653,9.52,0.91,15.33,68.24,
653,9.42,0.93,14.75,68.71,
653,8.97,0.91,14.58,67.6,
653,7.93,0.905,13.56,64.62,
655,13.24,0.93,20.37,69.49,
655,13.03,0.89,19.8,74.04,
658,4.8,0.77,11.7,53,
658,5.6,0.9,10.5,59,
658,4.3,0.86,9,55,
658,3.9,0.97,7.2,56,
658,3,0.9,6.9,48,
658,3.7,0.98,6.1,62,
660,5.65,0.81,12.63,55.3,
660,2.7,0.72,8.57,43.7,
660,2.43,0.75,7.62,42.6,
660,2.75,0.7,6.98,56.5,
663,14.2,0.9,20.73,76,
663,13,0.898,20.65,70,
663,11.2,0.904,20.31,61,
663,11.5,0.896,20.05,64,
664,10.48,0.93,16.69,66.77,
664,11.47,0.94,17.02,72.24,
664,11.15,0.93,16.79,71.09,
664,10.26,0.92,16.51,67.29,
664,10.03,0.92,16.14,66.98,
684,1.9,0.89,5.53,37.7,
684,2.95,0.79,10.61,35.2,
691,13.1,0.88,20.9,71.1,
691,5.8,0.67,15,57.6,
696,8.67,1.07,14,57.88,
696,7.52,1.1,11.86,57.61,
696,6.66,0.89,11.36,65.81,
696,5.77,0.91,10.4,60.92,
698,8.42,0.864,15.21,64.1,
698,8,0.952,13.44,62.5,
698,6.31,1.002,10.36,60.7,
720,13.5,0.84,22.2,72.5,
720,11.5,0.89,19.4,66.7,
721,5.56,0.8,12.64,55,
721,5.4,0.81,11.96,55.7,
721,5.26,0.81,11.96,54.3,
721,4.51,0.8,11.92,47.3,
722,0.07,1.37,0.21,23,
722,5.67,1.21,8.68,54,
722,0.12,1.27,0.43,22,
722,5.06,0.94,9.96,54.04,
723,2.46,1.07,5.35,43,
723,1.86,0.9,3.98,52,
723,0.62,0.6,2.89,36,
723,0.57,0.91,2.09,30,
723,0.2,0.47,1.07,40,
723,3.28,1.02,5.45,59,
726,9.6,0.94,15.4,66,
730,12.14,0.84,21.4,67.5,
730,12.5,0.84,20.8,71.8,
730,11.6,0.85,18.5,73.3,
731,13.7,0.87,20.38,77,
731,10.5,1.02,15.78,65,
735,8.13,0.85,14.83,64.32,
735,7.23,0.86,14.34,58.67,
735,5.15,0.8,11.84,54.13,
735,4.46,0.8,11.76,47.31,
735,4.89,0.8,11.36,53.53,
737,10.9,0.64,25.12,67.6,
737,10.2,0.732,20.83,66.8,
737,7.1,0.611,18.07,64,
742,1.96,0.59,6.04,48.2,
742,1.47,0.59,5.71,37.97,
742,1.49,0.59,5.67,39.15,
742,1.9,0.62,5.49,49.42,
742,1.63,0.6,5.26,45.53,
742,1.6,0.58,4.96,49.16,
742,1.47,0.61,4.8,44.74,
742,1.19,0.6,4.63,38.46,
742,1.32,0.59,4.57,43.43,
742,1.54,0.6,4.19,54.02,
754,1.54,0.814,5.04,36,
754,1.2,0.96,4.2,29,
754,1.61,0.784,5.98,35,
758,4.81,0.95,7.34,69,
758,4.37,0.96,6.41,71,
758,4.03,1,6.02,67,
758,3.2,0.99,4.83,67,
760,11.24,0.909,18.27,68,
760,10.52,0.929,17.92,63,
760,9.52,0.893,16.66,64,
760,9.14,0.928,16.15,61,
764,6.63,0.84,12.22,64.58,
764,6.51,0.887,10.93,67.17,
769,4.27,0.87,10.38,46.72,
769,5.95,0.82,12.32,58.72,
769,5.06,0.82,10.82,56.86,
769,3.95,0.87,9.32,48.9,
773,12.8,0.712,27.3,65.7,
773,11.2,0.699,24.5,65.5,
773,9.97,0.734,24.1,56.3,
773,9.41,0.736,23.7,53.6,
783,7.3,0.74,14.7,67,
783,7.2,0.73,14.6,68,
783,6.2,0.73,14.5,59,
783,6.3,0.73,14.4,60,
783,6.9,0.82,12.9,65,
783,5.4,0.72,12.9,58,
783,5.2,0.78,12.4,54,
783,4.6,0.74,11.8,53,
783,3.7,0.81,9.4,49,
783,2.1,0.77,5.6,49,
786,0.06,0.42,0.73,21,
786,0.01,0.43,0.26,14,
786,0.02,0.39,0.16,25,
786,0.12,0.36,0.98,34,
789,6.79,0.922,11.2,65.9,
789,5.9,0.928,9.54,66.6,
789,5.68,0.922,9.23,66.7,
789,4.88,1.009,8.98,53.8,
789,5.21,0.94,8.84,62.7,
789,5.37,0.928,8.52,67.9,
789,4.46,1.003,8.25,53.9,
789,4.45,0.916,7.44,65.3,
793,10.07,0.895,17.07,65.9,
793,10.51,0.909,16.95,68.2,
793,7.23,0.917,14.65,53.8,
793,7.09,0.954,14.02,53,
794,12.41,0.87,19.7,73,
794,13.2,0.94,19.6,72,
794,11.71,0.95,18.5,66,
794,10,0.89,17,66,
799,9.21,0.89,17.31,59.61,
799,8.44,0.89,16.49,57.53,
799,7.73,0.78,14.58,67.91,
799,5.95,0.76,13.05,59.83,
799,4.02,0.9,10.58,42.13,
799,2.86,0.85,7.19,46.76,
801,8.16,0.771,18.72,55.7,
801,10.21,0.76,21.92,61.3,
801,3.12,0.863,8.53,42.4,
805,4.4,0.91,9.4,48,
805,4.4,0.9,9.3,48,
805,0.8,0.75,3.4,28,
805,0.4,0.76,1.8,32,
805,2.4,0.88,5.9,44,
805,0.7,0.78,3.2,27,
805,1.7,0.93,4.5,40,
807,8.25,1.15,10.84,66.17,
807,3.02,1.24,5.21,46.71,
807,0.26,1.29,0.84,23.88,
809,10.14,0.91,15.66,72,
809,9.6,0.88,15.35,70,
809,6.21,0.92,14.22,48,
809,8.1,0.95,13.38,63,
809,9.1,0.85,15.86,68,
811,7.51,0.8,14.79,59.1,
811,7.33,0.8,14.19,60.1,
811,7.31,0.8,13.82,61.6,
811,6.17,0.78,12.99,56.7,
811,9.03,0.92,14.56,67.4,
811,9.28,0.92,15.18,66.4,
811,6.69,0.88,12.55,60.6,
811,8.05,0.92,14.3,61.2,
816,11.04,0.94,16.58,70.7,
816,10.73,0.942,15.86,71.8,
816,10.45,0.942,15.51,71.4,
816,9.51,0.932,15.5,65.8,
816,10.19,0.943,15.33,70.5,
816,9.04,0.923,15.31,64,
828,7.51,0.798,14.05,67,
828,8.56,0.862,13.96,71.1,
828,8.59,0.871,13.84,71.2,
828,7.39,0.805,13.54,67.8,
828,7.98,0.864,13.21,69.9,
828,7.25,0.912,11.83,67.2,
828,6.95,0.915,11.1,68.4,
830,10.54,0.896,16.55,70.73,
830,11.52,0.95,16.37,74.06,
835,10.6,0.73,20.24,72,
835,12.2,0.97,17.76,71,
835,10.4,1,15.54,67,
835,13.1,0.96,18.71,70,
835,8.2,0.93,14.28,59,
835,11.7,0.95,18.14,66,
835,11.3,0.94,18.1,64,
835,12,0.96,18.37,67,
845,12.3,0.9,19.7,69.3,
845,11.2,0.902,18.5,67.2,
845,7.31,0.766,16.1,59.2,
845,7.45,0.775,15.7,61.2,
848,2.72,1.04,6.57,40,
856,7.27,0.88,16.64,49,
856,8.54,0.84,19.29,53,
856,5.63,0.93,12.27,49,
862,1.81,1.07,4.84,35.15,
862,1.5,1.03,4,36.52,
862,3.28,1.05,7.4,42.37,
862,2.09,1.07,5.04,38.59,
866,9.43,1.02,15.91,58.1,
866,12.8,1.1,17.78,65.4,
866,11.72,1.01,17.15,67.7,
866,10.26,1.08,17.01,55.9,
866,12.66,2.14,9.31,63.5,
866,13.35,2.13,9.77,64.1,
866,11.92,2.13,9.1,61.5,
868,3.61,1.28,5.64,50,
868,2.68,1.25,4.88,44,
869,12.78,0.85,21.47,70.03,
869,11.34,0.84,21.29,63.41,
869,14.57,0.87,20.73,80.79,
869,13.29,0.87,20.68,73.87,
869,7.96,0.74,17.14,62.76,
869,8.73,0.78,16.78,66.7,
870,2.82,0.83,6.36,53,
872,0.26,0.74,1.09,31.52,
872,3.85,0.74,10.71,48.69,
872,0.98,0.74,3.22,41.37,
873,7.2,0.939,13.57,56.5,
873,2.33,0.962,7.1,34.1,
873,2.76,0.983,6.74,41.7,
873,1.6,0.987,5.36,30.2,
879,8.71,0.87,15.4,63,
879,6.76,0.8,14.2,57,
879,8.78,0.87,15.3,64,
879,9.76,0.9,16,66,
879,8.18,0.84,14.6,64,
883,9.38,0.902,15.06,69,
887,5.81,1.05,10.92,51,
896,0.58,0.72,1.72,46.3,
896,0.28,0.67,1.02,40.3,
896,0.2,0.65,0.77,40.2,
898,9.06,0.751,17.19,70.07,
898,10.7,0.962,16.34,68.33,
900,4.45,0.831,11.45,46.73,
900,3.62,0.808,11.33,39.53,
903,10.48,0.69,23.84,63.8,
905,12.2,0.946,16.58,78,
905,7.4,0.993,13.01,57,
906,10.1,0.91,17.11,64.9,
906,9.39,0.97,13.65,70.9,
906,9.97,0.96,14.61,71.1,
906,10.84,0.95,15.96,71.5,
906,11.59,0.94,17.05,72.3,
906,12.27,0.93,17.86,73.9,
906,11.03,0.92,17.42,68.8,
907,7.34,0.89,14.47,57.64,
907,9.61,0.8,22.83,52.66,
907,10.54,0.81,20.6,63.18,
907,7.64,0.78,19.81,49.48,
907,9.72,0.84,19.73,58.67,
920,0.0656,0.29,0.657,36.51,
920,0.1052,0.3,1.0021,35.99,
920,0.0233,0.29,0.2291,34.14,
920,0.1949,0.3,1.7203,37.11,
929,6.85,1.04,11.55,57.04,
932,12.74,0.86,20.67,71.2,
937,8.9,0.99,14.31,62.9,
946,7.39,0.81,16.56,55.02,
946,8.43,0.82,16.17,63.4,
946,7.64,0.82,15.58,60.01,
946,0.54,0.85,1.86,34.01,
946,0.4,0.82,1.7,28.63,
946,0.42,0.87,1.56,31.07,
949,10.11,0.905,15.18,73.55,
949,5.32,0.768,10.77,64.4,
955,3.92,0.89,10.9,40,
955,8.13,0.9,16.8,53.8,
955,8.89,0.9,16.6,59.5,
955,7.03,0.89,14.4,55.3,
955,5.28,0.91,12.1,47.5,
955,4.23,0.92,10.1,45.4,
957,6.23,0.96,11.26,57.58,
1011,9.5,0.94,15.6,65,
1011,9.4,0.93,15.4,66,
1011,8.9,0.95,14.5,65,
1011,8.8,0.94,14.1,66,
1011,6.4,1.04,10.6,58,
1021,4.94,0.774,12.26,52.1,
1021,3.83,0.745,10.09,50.9,
1021,4.12,0.757,9.94,54.6,
1021,3.88,0.781,9.37,53,
1021,3.67,0.775,9.14,51.8,
1021,3.05,0.774,8.66,45.5,
1021,2.95,0.759,7.09,54.8,
1021,2.47,0.765,7.05,45.7,
1022,7.51,0.84,17.1,52.3,
1022,3.7,0.84,8.39,52.7,
1022,7.32,0.84,16.02,54.4,
1022,7.66,0.84,17.85,51.1,
1022,8.64,0.84,18.37,56,
1022,7.09,0.84,14.99,56.3,
1032,10.24,0.87,18.29,64.34,
1032,8.64,0.88,17.86,54.97,
1032,9.43,0.91,16.84,61.53,
1032,8.11,0.92,15.53,56.76,
1033,7.74,0.712,18.53,59,
1033,4.87,0.74,12.85,50,
1033,6.3,0.708,16.01,55,
1033,9.58,0.73,20.75,63,
1033,7.02,0.71,17.23,57,
1033,4.4,0.7,13.38,47,
1044,13.1,0.88,20.88,71.3,
1044,12.97,0.88,20.5,71.9,
1044,11.1,0.86,18.93,68.2,
1044,11.05,0.9,17.03,72.1,
1053,12.1,0.849,19.33,73.73,
1053,8.88,0.915,15.84,61.26,
1058,1.35,0.78,6.16,28,
1058,1.06,0.76,5.2,27,
1058,0.94,0.75,4.47,28,
1058,0.86,0.76,3.88,29,
1059,7.6,0.8,15.1,62.9,
1059,6.9,0.83,14.3,58.1,
1060,5.71,0.96,10.3,57.7,
1060,5.68,0.96,10.1,58.6,
1060,4.31,0.87,9.6,51.6,
1060,4.65,0.91,9.4,54.4,
1060,3.71,0.99,7.8,48,
1061,5.24,1.02,7.34,70,
1061,4.21,1.24,6.29,54,
1061,4.5,1.22,6.15,60,
1061,1.78,1.23,4.02,36,
1063,9.73,0.977,15.21,65.46,
1063,5.37,0.988,10.99,49.54,
1063,5.51,0.955,10.51,54.89,
1063,1.83,0.969,4.94,38.2,
1068,10.42,0.868,17.85,67.2,
1068,8.99,0.872,16.97,60.8,
1069,6.31,0.84,13.79,53.1,
1069,7.11,0.84,14.6,57.7,
1070,4.2,0.697,11.69,51.6,
1070,3.69,0.7,11.16,47.2,
1070,3.54,0.707,10.1,49.5,
1070,4.01,0.753,9.89,53.8,
1070,3.31,0.753,9.49,46.3,
1070,2.91,0.759,8.61,44.5,
1072,2.06,0.83,5.65,44,
1072,1.19,0.77,3.84,40,
1078,8.24,0.95,13.12,66.1,
1078,7.34,0.98,13.07,57.2,
1078,6.82,0.98,12.76,54.6,
1078,6.51,0.98,11.88,55.8,
1082,1.65,0.85,6.08,31,
1082,4.12,0.82,10.69,47,
1082,3.41,0.81,8.97,47,
1082,2.17,0.83,7.91,33,
1082,1.49,0.68,4.86,45,
1082,2.18,0.72,5.22,58,
1087,10.3,1.01,14.1,72.3,
1087,8.4,1.01,13.5,61.1,
1087,9.1,1.02,13.2,67.2,
1087,5.8,1.01,9.3,62.1,
1114,3.9,1,7.44,51.6,
1114,2.2,1,6.23,34.7,
1114,2,1.01,5.79,34.6,
1114,1.6,0.99,4.51,35.1,
1114,5.6,0.98,11.32,50.1,
1114,4.7,0.98,9.58,50.4,
1114,2.2,0.97,6.41,35.2,
1115,9.08,0.98,14.25,65,
1115,7.47,1.02,14.17,52,
1115,8.25,0.97,13.49,63,
1115,5.03,1.05,11.37,42,
1121,1.41,0.9,2.78,56,
1121,1.45,0.9,2.79,57,
1121,1.57,0.88,3.06,58,
1121,1.28,0.9,2.49,57,
1121,1.15,0.86,2.34,57,
1121,1.05,0.85,2.3,54,
1132,3.08,1.26,5.82,41.94,
1132,3.2,1.3,5.41,45.51,
1132,1.82,1.28,3.17,44.92,
1132,0.85,0.91,2.23,42.04,
1149,2.5,0.72,9.6,36.1,
1149,2.42,0.79,8.09,37.9,
1149,1.38,0.824,4.66,36,
1149,0.67,0.681,2.93,33.7,
1153,5.8,0.96,8.78,65,
1153,4.52,1.02,7.55,54,
1162,4.8,0.97,11.3,43.1,
1162,4.4,0.98,10.3,43.1,
1162,4.7,0.92,12.3,41.2,
1162,4.7,0.93,12,42.2,
1162,4.8,0.94,11.6,43.7,
1162,4.6,0.95,10.8,44.6,
1162,4.8,0.95,10.7,47.6,
1165,11.24,0.95,18.2,65.01,
1165,11.34,0.95,17.87,66.8,
1165,11.07,0.95,17.83,65.35,
1165,8.9,0.83,17.16,62.49,
1165,6.68,0.69,16.16,59.91,
1177,3.07,0.64,7.01,69,
1177,0.67,0.78,2.24,38,
1186,9.4,0.833,15.7,72.3,
1186,8.1,0.831,14.4,67.6,
1186,7.2,0.836,13.9,62.2,
1186,6.9,0.83,13.5,61.7,
1186,6.4,0.835,13.3,57.8,
1193,1.73,0.89,3.89,50,
1193,1.12,0.68,2.88,57,
1193,0.75,0.86,2.35,37,
1193,0.55,0.86,2.14,30,
1193,0.72,0.64,2.03,55,
1193,0.82,0.65,1.96,64,
1193,0.77,0.63,1.93,63,
1193,0.092,0.4,0.55,42,
1195,4.1,0.69,9.6,61,
1195,1.9,0.78,4.2,59,
1195,3.8,0.68,9.3,60,
1195,3.9,0.78,8,63,
1206,10,0.739,22.8,59.4,
1206,9.4,0.734,21.9,58.5,
1206,10.5,0.737,23.7,60.3,
1206,10.9,0.731,25.3,58.9,
1206,10.1,0.732,23.9,58,
1214,5.33,0.97,11.28,48.72,
1214,4.57,0.96,9.42,50.79,
1214,3.25,0.95,7.15,47.82,
1214,2.7,0.95,5.72,49.87,
1216,9.21,0.95,14.3,67.9,
1216,7.13,0.896,13.6,58.5,
1222,7.13,0.77,14.64,64,
1222,5.51,0.76,13.69,53,
1230,2.49,1.16,4.45,47,
1230,0.2,1.23,0.69,23,
1230,0.4,1.15,1.32,26,
1230,1.18,1.11,2.93,36,
1309,5.37,0.79,12.37,55,
1309,5.14,0.79,11.85,54.9,
1309,4.65,0.79,11.21,52.5,
1309,4.45,0.8,10.21,54.4,
1330,9.6,0.88,16.24,67.1,
1330,8.7,0.8,15.93,68,
1330,7.5,0.9,15.8,52.8,
1330,7.5,0.8,15.15,61.8,
1353,3.58,0.7,9.98,51,
1353,2.81,0.71,7.92,50.1,
1371,2.48,0.9,5.31,52,
1371,2.81,0.9,5.18,60,
1371,2.29,0.87,4.15,63,
1371,1.53,0.94,3.52,46,
1399,3.84,1.15,7.42,45,
1399,1.76,1.15,4.51,34,
1464,0.54,0.92,1.49,39.8,
1464,0.23,0.74,0.85,37.3,
1464,0.28,1.06,0.68,38.4,
1464,1.39,1.05,2.36,56.1,
